team,win
Chennai,50.00916667
Delhi,43.3425
Kolkotta,51.07666667
Mumbai,56.82833333
Rajasthan,42.37